claim wherein,122
wherein said,57
defin claim,49
faucet support,39
tighten member,38
support member,37
first end,34
support seat,30
member defin,29
second end,28
least one,24
plural tighten,22
sleep bag,20
protector cover,20
said support,19
assembl claim,19
base plate,18
said first,18
side edg,18
first side,17
bag claim,17
claim claim,17
strap section,17
abras materi,17
attach said,17
said panel,17
mount hole,16
perineum protect,16
said nozzl,16
protect devic,16
plural connector,16
end portion,16
jet assembl,16
said second,15
scrubber defin,15
claim compris,14
said rotari,14
end protector,14
semiconductor wafer,14
first roller,14
materi compris,14
main bodi,14
second side,14
portion said,14
adjac said,13
apparatu defin,13
devic claim,13
loop member,13
accord claim,13
gener adjac,12
whirlpool jet,12
mean compris,12
posit gener,12
said least,12
said plural,12
edg posit,12
brace mean,12
posit brace,12
sleep surfac,12
inner wall,12
second roller,11
said cover,11
protector support,11
wherein abras,11
front edg,11
middl portion,11
member said,11
side first,10
end said,10
recit claim,10
seat set,10
section first,10
forth claim,10
end second,10
edg said,10
set forth,10
assembl recit,10
bottom surfac,9
surfac said,9
upper wall,9
bodi part,9
side wall,9
prevent member,9
turn prevent,9
portion cover,9
plate faucet,9
nozzl tube,9
said tighten,9
back edg,9
rotari face,8
cover front,8
said middl,8
first second,8
remov said,8
water air,8
defin one,8
second strap,8
said front,8
part portion,8
one claim,8
tear end,8
inch inch,8
cover membran,8
member compris,8
secur attach,8
extend downwardli,8
first strap,8
leg portion,8
second loop,8
end secur,8
measur airflow,8
rotari assembl,8
top end,8
front surfac,8
gener inch,8
open posit,8
method accord,8
bathtub inner,8
includ least,7
base end,7
neck user,7
rate cm,7
mean extend,7
semiconductor substrat,7
garment protector,7
ventil sleep,7
surfac system,7
one leg,7
front end,7
airflow rate,7
engag inner,6
bathtub assembl,6
secur rail,6
compris first,6
compris tubular,6
surfac bathtub,6
edg clean,6
across width,6
flexibl member,6
compris posit,6
air flow,6
rail displac,6
cm cm,6
open beyond,6
width bathtub,6
wall engag,6
tubular brace,6
surfac support,6
member open,6
first speed,6
elong flexibl,6
secur mean,6
elastomer materi,6
provid said,6
cushion materi,6
bodi sleep,6
diamet mount,6
adhes section,6
said posit,6
wafer first,6
tearabl perfor,6
member first,6
edg back,6
insid surfac,6
use assembl,6
bathtub secur,6
rotat direct,6
beyond diamet,6
brace mount,6
displac use,6
rail engag,6
support bar,6
wherein plural,6
said back,6
mount slide,6
hole said,6
wall bathtub,6
downwardli rail,6
materi perineum,6
releas attach,6
advanc across,6
slide advanc,6
seat support,6
engag insid,6
fix base,5
produc flow,5
materi said,5
second speed,5
system accord,5
porou sleep,5
wherein flow,5
roller rotat,5
front portion,5
bottom wall,5
five sheath,5
wherein measur,5
edg semiconductor,5
speed second,5
member configur,5
measur meter,5
air hole,5
onto said,5
hole suffici,5
rail support,5
support leg,5
feet portion,5
said turn,5
flow air,5
first loop,5
wherein bottom,5
said bolt,5
suffici produc,5
said mount,5
upper surfac,5
cm measur,5
portion compris,5
user b,5
user wherein,5
support mean,5
materi seat,4
one first,4
pouch top,4
protector neck,4
height gener,4
pouch posit,4
posit top,4
support compris,4
support first,4
posit collect,4
side second,4
least two,4
member direct,4
incompress fill,4
intern surfac,4
surfac first,4
along front,4
end front,4
side upper,4
assembl said,4
portion chest,4
c pouch,4
water proof,4
join first,4
move downwardli,4
side surfac,4
wherein strap,4
member provid,4
guid member,4
support posit,4
dispos garment,4
predetermin posit,4
extern side,4
water resist,4
section tear,4
membran perineum,4
substanti water,4
storag second,4
collect particul,4
fix predetermin,4
end join,4
said whirlpool,4
stomach user,4
protector compris,4
perfor torn,4
back surfac,4
point contact,4
said slit,4
connector configur,4
strap tear,4
portion provid,4
surfac configur,4
configur engag,4
close posit,4
join second,4
cross section,4
end attach,4
surfac protector,4
chest stomach,4
said base,4
wherein second,4
clean semiconductor,4
back form,4
flow said,4
posit cover,4
second open,4
cover area,4
cover pouch,4
said guid,4
roller compris,4
bottom side,4
compris abras,4
posit extern,4
releas fix,4
front back,4
downwardli along,4
surfac back,4
compris protector,4
particul liquid,4
end support,4
seat fix,4
said bathtub,4
said spacer,4
first close,4
configur rotat,4
toe portion,4
section area,4
end bottom,4
said connector,4
wherein protector,4
wall side,4
cover ring,4
said stream,4
said main,4
end open,4
insert said,4
posit second,4
fold one,4
rotat speed,4
flow rate,4
bevel area,4
posit storag,4
member construct,4
direct inward,4
roller configur,4
engag said,4
form fold,4
cover second,4
fill piec,4
bottom end,4
resist water,4
outer side,4
one tearabl,4
liquid move,4
inch perineum,3
posit faucet,3
materi least,3
poli vinyl,3
panel front,3
devic protect,3
cover ankl,3
screw onto,3
hole wherein,3
enclos cover,3
assembl compris,3
protect perineum,3
connector posit,3
hold enclosur,3
ride bicycl,3
alcohol pva,3
sock compris,3
penil arteri,3
panel perineum,3
compris elong,3
tube whirlpool,3
portion air,3
face said,3
portion faucet,3
two bodi,3
leg sleep,3
foot bodi,3
vinyl alcohol,3
extend therethrough,3
cover dispos,3
plural turn,3
panel middl,3
mean remov,3
wherein one,3
heel ankl,3
said feet,3
male ride,3
gener enclos,3
slit extend,3
jet propel,3
bolt faucet,3
said elong,3
perineum said,3
plural hole,3
arm portion,3
rotat apertur,3
heel toe,3
back side,3
compris poli,3
attach bodi,3
direct stationari,3
compris nylon,3
portion around,3
heel portion,3
foam elastomer,3
wherein inner,3
roller apparatu,3
portion may,3
compris foam,3
engag base,3
differ tangenti,3
support garment,3
ankl portion,3
cover foot,3
hand portion,3
b protector,3
prevent damag,3
portion plural,3
said devic,3
plate wherein,3
contact semiconductor,3
wherein belt,3
clean due,3
arteri said,3
hole form,3
bodi portion,3
strap includ,3
may select,3
area heel,3
upper portion,3
belt compris,3
tangenti veloc,3
meter ventil,3
said eyebal,3
water hold,3
rotat semiconductor,3
member faucet,3
damag penil,3
cover heel,3
tube said,3
wherein main,3
portion releas,3
wherein ratio,3
foot area,3
scrub semiconductor,3
stream water,3
cover member,3
direct first,3
compris toe,3
adapt support,3
inner rail,3
toe heel,3
fix member,3
support adapt,3
select extend,3
portion includ,3
substanti enclos,3
compris elastomer,3
brake mean,3
slit remov,3
compris panel,3
roller scrubber,3
said cushion,3
bicycl prevent,3
seat faucet,3
compris cushion,3
extend said,3
member turn,3
edg second,3
materi scrubber,3
one chemic,3
perineum male,3
upon remov,3
detach said,3
compris polyurethan,3
proof seal,3
cm method,3
devic compris,3
compris two,3
spacer provid,3
provid drawstr,3
bolt said,3
member move,3
contact intern,3
said secur,3
edg first,3
provid inner,2
concentr cross,2
posit strap,2
pivot attach,2
extend first,2
cover around,2
end includ,2
provid substanti,2
portion handi,2
cover said,2
semirigid materi,2
inner end,2
sheath wherein,2
imperm made,2
edg perineum,2
homogen materi,2
inward plural,2
panel height,2
wall incompress,2
side protector,2
configur movabl,2
wall apertur,2
strap first,2
water jet,2
nylon scrubber,2
wafer edg,2
faucet base,2
direct second,2
panel said,2
user second,2
posit adjac,2
roller clean,2
guid bodi,2
made elast,2
bar seat,2
configur remov,2
strap wherein,2
chang length,2
movabl along,2
cant apertur,2
wall made,2
wafer clean,2
lie said,2
section second,2
convex portion,2
portion substanti,2
hole therein,2
adjust amount,2
friction edg,2
back neck,2
end posit,2
seat detach,2
compris water,2
rotari configur,2
width gener,2
seat upper,2
compris nh,2
surfac water,2
one said,2
chemic compris,2
peripher wall,2
seat grip,2
inch height,2
compris support,2
substrat apparatu,2
end first,2
member posit,2
angl rel,2
edg secur,2
configur extend,2
compris flow,2
wherein first,2
mean engag,2
made rigid,2
wall bottom,2
hole front,2
wherein provid,2
membran said,2
piec occupi,2
form base,2
particl bevel,2
provid support,2
facilit edg,2
mechan edg,2
faucet least,2
sheet inextens,2
extend support,2
accumul cover,2
portion upper,2
portion form,2
mean adjust,2
portion second,2
one base,2
outer end,2
user c,2
includ plural,2
divid divid,2
plate plural,2
water conduct,2
joinabl form,2
provid set,2
area semiconductor,2
member pivot,2
inner outer,2
compris divid,2
open portion,2
contact side,2
water inlet,2
plate bottom,2
air inlet,2
occupi space,2
wall seat,2
user sleep,2
handi spray,2
thereof faucet,2
speed scrubber,2
seat plural,2
bathtub side,2
strip join,2
drawstr enabl,2
direct outward,2
therethrough wherein,2
accumul portion,2
commun said,2
bag provid,2
amount water,2
elast permeabl,2
ankl sock,2
user draw,2
compos five,2
pipe insert,2
support faucet,2
materi apparatu,2
connector bolt,2
two rail,2
inward faucet,2
side scrub,2
end strip,2
wherein mechan,2
manner faucet,2
end chang,2
outer rail,2
member releas,2
drill said,2
defin bottom,2
ratio cover,2
seat seat,2
compris cloth,2
connector tighten,2
ledg assembl,2
support bear,2
enabl user,2
wall imperm,2
said wall,2
direct stream,2
strap join,2
wall join,2
draw said,2
engag opposit,2
due friction,2
move toward,2
prevent plural,2
spray faucet,2
assembl rotari,2
torn first,2
rotat nozzl,2
select angl,2
bolt insert,2
end produc,2
conduct pipe,2
separ distanc,2
seat separ,2
detach manner,2
seat provid,2
said faucet,2
member contact,2
includ adhes,2
end strap,2
seat assembl,2
nozzl oper,2
fix faucet,2
joinabl adhes,2
member insert,2
length gener,2
propel water,2
seat posit,2
bodi releas,2
extend bottom,2
porou cover,2
insert mount,2
faucet mount,2
stationari configur,2
set connector,2
center region,2
eyebal may,2
non rotat,2
wall wherein,2
length strap,2
along plural,2
side said,2
due differ,2
orient select,2
connector provid,2
insert hole,2
space defin,2
surfac tighten,2
wall sheet,2
speed faster,2
edg compris,2
connector contact,2
compris pad,2
posit extend,2
permeabl materi,2
divid said,2
flow control,2
membran compris,2
said hand,2
member fix,2
produc second,2
veloc point,2
zip fasten,2
remov abut,2
enclosur whirlpool,2
said water,2
join togeth,2
entri sleep,2
form upper,2
nozzl articulat,2
lug engag,2
section posit,2
inch length,2
remov protector,2
clean particl,2
form strap,2
nozzl jet,2
cloth materi,2
least portion,2
torn permit,2
compris cover,2
hole therebi,2
compris strap,2
seat bottom,2
wherein side,2
moveabl seat,2
region said,2
wherein five,2
grip base,2
control mean,2
compris mean,2
second configur,2
panel slit,2
head portion,2
apertur direct,2
fluid commun,2
said bodi,2
plural lug,2
configur prevent,2
approxim time,2
pva scrubber,2
end joinabl,2
rel said,2
around back,2
opposit surfac,2
hole plural,2
speed facilit,2
resist portion,2
configur releas,2
two bolt,2
scrubber scrub,2
member plural,2
panel gener,2
panel width,2
posit outer,2
support base,2
may orient,2
connector front,2
said enclosur,2
cover wherein,2
section joinabl,2
inward rim,2
connector two,2
rigid semirigid,2
attach plural,2
inextens materi,2
penetr hole,2
one bevel,2
seat extend,2
bodi said,2
portion attach,2
one arm,2
edg abras,2
main entri,2
lower leg,2
nh oh,2
attach sleep,2
portion compos,2
two strap,2
attach main,2
substrat edg,2
perimet hole,2
side bathtub,2
member upper,2
enclosur perimet,2
area concentr,2
turn plural,2
said fix,2
posit center,2
toward bottom,2
oper said,2
abut said,2
therebi support,2
wafer second,2
wafer scrubber,2
claim upon,2
member screw,2
portion first,2
roller clear,1
shift posit,1
wherein semiconductor,1
provid releas,1
remov hold,1
convers said,1
rate concentr,1
seat compris,1
oh apparatu,1
surfac base,1
instal posit,1
section tearabl,1
said cant,1
provid feet,1
slit gener,1
inch secur,1
stationari mode,1
lower part,1
inflat ring,1
ring fix,1
apertur pass,1
assembl includ,1
coupl said,1
bottom top,1
strap c,1
upon instal,1
said apparatu,1
integr form,1
ball seat,1
bear fit,1
construct main,1
bag includ,1
face rotat,1
leg may,1
compris articulat,1
connector faucet,1
protector use,1
proof materi,1
perfor least,1
seat remot,1
releas sealabl,1
form four,1
wherein curv,1
configur concentr,1
whereat person,1
quick remov,1
ledg wherein,1
thereof direct,1
line toe,1
said seat,1
clean mechan,1
distanc therebetween,1
shape posit,1
form hold,1
bathtub proxim,1
form main,1
b least,1
method compris,1
thereof prevent,1
wash shower,1
wherein clean,1
wherein two,1
concentr within,1
roller edg,1
polystyren ball,1
scrub edg,1
divid insid,1
assembl direct,1
divid knit,1
combin tub,1
form provid,1
bodi provid,1
toward lower,1
provid hand,1
flap provid,1
concentr accumul,1
provid gusset,1
plate attach,1
wherein zip,1
wherein anoth,1
oper coupl,1
said ledg,1
contact extens,1
bar substanti,1
rail may,1
faster rotat,1
rotari mode,1
knit along,1
late cm,1
member peripher,1
engag bottom,1
portion arm,1
rail therebi,1
mechan compris,1
end thereof,1
configur oper,1
materi select,1
posit engag,1
may support,1
tub ledg,1
proxim inner,1
said direct,1
provid ledg,1
seat mount,1
member rotat,1
rim locat,1
piec seat,1
wherein support,1
adapt member,1
engag intern,1
area contact,1
mount advanc,1
surfac mount,1
select convers,1
stream mix,1
enclos partial,1
pivot mount,1
downwardli said,1
air select,1
drawstr sleep,1
envelop contain,1
posit concentr,1
portion region,1
includ porou,1
length main,1
user may,1
hold water,1
differ first,1
member detach,1
ring cover,1
flow late,1
said floor,1
polyurethan apparatu,1
portion commun,1
said bear,1
spot rotari,1
rate bed,1
locat toward,1
envelop includ,1
surfac includ,1
flow respect,1
loosen direct,1
along rail,1
differ materi,1
inlet air,1
pad scrubber,1
face attach,1
concentr measur,1
area second,1
hole faucet,1
invalid seat,1
four divid,1
rim made,1
mean wherebi,1
top part,1
wherein connector,1
rigid panel,1
independ knit,1
assembl engag,1
contain incompress,1
wherein roller,1
air separ,1
wall inward,1
seal said,1
sock said,1
root line,1
circular pattern,1
member attach,1
one envelop,1
resist said,1
may held,1
assembl jet,1
toe foot,1
inner peripheri,1
side inner,1
leg bar,1
two support,1
flow porou,1
bodi detach,1
mix water,1
bathtub invalid,1
direct said,1
bar elev,1
compris differ,1
polyurethan scrub,1
faucet faucet,1
lower end,1
wherein moveabl,1
nozzl plural,1
member inhibit,1
air region,1
airflow porou,1
inlet direct,1
connector base,1
rate least,1
advanc support,1
parallel said,1
separ stream,1
compris ring,1
chemic point,1
contact front,1
member oper,1
partial fulli,1
stream said,1
gener rotat,1
wherein adapt,1
tube releas,1
engag plural,1
contact edg,1
connector maintain,1
meter accumul,1
inner bathtub,1
insert bore,1
wall water,1
area wherebi,1
convert first,1
respect rotat,1
may wash,1
hold said,1
oh h,1
surfac front,1
meet upper,1
apparatu clean,1
portion tighten,1
one adhes,1
linkag extend,1
provid resist,1
fit support,1
respect one,1
member coupl,1
bathtub whereat,1
tube plural,1
speed first,1
side seat,1
nut screw,1
person seat,1
time first,1
roller approxim,1
outward tighten,1
outsid bathtub,1
locat wherein,1
region least,1
peripheri surfac,1
compris rigid,1
substanti length,1
sew process,1
direct determin,1
consist rubber,1
said substanti,1
dimens span,1
pad apparatu,1
h o,1
bar carri,1
bolt bolt,1
wherein open,1
span width,1
wherebi seat,1
eyebal rotari,1
anoth said,1
inner locat,1
area tire,1
method measur,1
adjust spacer,1
orient gener,1
bore drill,1
b support,1
shift seat,1
articulat direct,1
select spot,1
run substanti,1
panel orient,1
inlet said,1
rail dimens,1
compris tub,1
enclos feet,1
form envelop,1
member slit,1
inner sidewal,1
mean provid,1
includ head,1
venturi hous,1
wherein incompress,1
remot bathtub,1
includ seat,1
advanc upon,1
move loosen,1
togeth form,1
includ main,1
wherein rotat,1
wherebi rail,1
provid axi,1
substrat second,1
draw feet,1
area cross,1
tire cross,1
accumul accumul,1
pivot independ,1
hand advanc,1
spin said,1
bar permit,1
respect sleep,1
surfac ventil,1
bathtub rail,1
within said,1
two leg,1
portion lie,1
eyebal posit,1
provid outer,1
rotat support,1
concentr portion,1
said bar,1
togeth sew,1
said head,1
remov attach,1
foam seat,1
releas manner,1
nozzl rotat,1
effect dissip,1
inhibit said,1
area wherein,1
configur compris,1
drawstr locat,1
cm ventil,1
extend ledg,1
plural cant,1
engag end,1
assembl spray,1
coupl plural,1
seat bar,1
shower compris,1
compris plural,1
section includ,1
person may,1
face fluid,1
dispos porou,1
compris substanti,1
includ upper,1
said divid,1
bar proxim,1
independ faucet,1
upwardli brake,1
bodi faucet,1
said drawstr,1
gener parallel,1
wall said,1
leg assembl,1
wherein insert,1
rotat spin,1
seat wherein,1
wherein upper,1
hole nut,1
compris inflat,1
apertur jet,1
bear shape,1
elev hand,1
bodi substanti,1
member therein,1
member engag,1
plural tune,1
layer five,1
wherein guid,1
seat said,1
permit outer,1
time rotat,1
pattern said,1
floor assembl,1
rail wherebi,1
engag two,1
hous fluid,1
hole fix,1
rail bathtub,1
region bathtub,1
bathtub b,1
ledg wherebi,1
section c,1
member inclin,1
said rail,1
oper engag,1
mean support,1
proxim floor,1
hand user,1
concentr engag,1
propel least,1
leg also,1
panel seat,1
portion integr,1
piec compris,1
outer bathtub,1
friction differ,1
may draw,1
construct adjust,1
upon size,1
may advanc,1
around lower,1
seat convex,1
group consist,1
toward said,1
gener posit,1
articulat non,1
advanc togeth,1
locat provid,1
portion sleep,1
rail said,1
surfac form,1
one releas,1
said apertur,1
fan produc,1
substrat includ,1
connector detach,1
distanc pivot,1
inner surfac,1
speed differ,1
wherein resist,1
scrub apparatu,1
rubber synthet,1
area ratio,1
clean edg,1
tub inner,1
ring homogen,1
assembl select,1
polyurethan scrubber,1
type compris,1
pass said,1
one bodi,1
rotat said,1
portion respect,1
speed approxim,1
seat base,1
bear roller,1
part said,1
side outer,1
attach depend,1
b neck,1
stream respect,1
water area,1
ratio ventil,1
also shift,1
wall includ,1
posit said,1
middl front,1
face compris,1
produc air,1
area due,1
bodi guid,1
region attach,1
provid either,1
turn tighten,1
compris linkag,1
said resist,1
curv surfac,1
configur insert,1
provid zip,1
belt remov,1
floor outsid,1
includ inward,1
axi rotat,1
synthet foam,1
extens mean,1
enclosur non,1
mean assembl,1
dissip co,1
speed contact,1
apertur whirlpool,1
air accumul,1
tune member,1
nylon apparatu,1
face whirlpool,1
compris adjust,1
surfac concentr,1
wherein porou,1
materi side,1
outward plural,1
feet user,1
water point,1
prevent said,1
mount outer,1
one belt,1
ledg contact,1
end connect,1
floor side,1
adjust portion,1
spray water,1
hous water,1
commun attach,1
portion porou,1
stream flow,1
rang method,1
configur said,1
compris least,1
wherein accumul,1
rate compris,1
leg extend,1
sheath form,1
mode said,1
nozzl said,1
trunk user,1
said open,1
wheel provid,1
flow effect,1
tighten faucet,1
roller locat,1
claim combin,1
substrat first,1
portion thereof,1
bathtub two,1
air method,1
permit quick,1
seal form,1
cover includ,1
portion wherebi,1
buffer member,1
therethrough said,1
faster first,1
inlet gener,1
attach upper,1
impart rotat,1
outer peripheri,1
form peripher,1
sock toe,1
meet main,1
wall thereof,1
member lie,1
co ventil,1
gener stream,1
wherein seat,1
therebetween faucet,1
therebi shift,1
therein fan,1
either main,1
distanc spacer,1
perfor adhes,1
bed dispos,1
actuat person,1
bar may,1
tube eyebal,1
edg wherein,1
size said,1
spacer insert,1
part user,1
surfac method,1
togeth along,1
two tighten,1
faucet onto,1
made materi,1
nozzl remov,1
clean said,1
portion adapt,1
bathtub posit,1
attach side,1
articulat upon,1
apertur wall,1
wherebi brake,1
carri seat,1
use user,1
width said,1
veloc apparatu,1
end assembl,1
held floor,1
least cm,1
enclos hand,1
penetr said,1
construct plural,1
said hous,1
seat front,1
portion meet,1
two moveabl,1
end bar,1
inner layer,1
gener friction,1
plate provid,1
compris upper,1
wherebi air,1
said penetr,1
one wheel,1
envelop type,1
detach engag,1
compris leg,1
compris jet,1
substanti inner,1
remov rotari,1
said air,1
air circular,1
system includ,1
rail provid,1
determin orient,1
configur direct,1
apertur impart,1
permit remov,1
along middl,1
wherein edg,1
wherein buffer,1
said rotat,1
portion wherein,1
air apertur,1
along root,1
spacer extend,1
support said,1
pva apparatu,1
locat substanti,1
said outer,1
area rang,1
materi sleep,1
respons water,1
ring penetr,1
support rail,1
spacer penetr,1
gusset region,1
materi first,1
seat envelop,1
substanti along,1
depend upon,1
sealabl flap,1
contact inner,1
compris venturi,1
orient said,1
mode nozzl,1
sheath foot,1
portion main,1
compris polystyren,1
mean may,1
fulli least,1
wheel lower,1
portion foot,1
bathtub said,1
wherein homogen,1
construct detach,1
therein method,1
therein faucet,1
ring pivot,1
apertur respons,1
fasten run,1
hole drill,1
locat side,1
rest ledg,1
said convex,1
bar said,1
seat onto,1
sidewal provid,1
torqu said,1
wherebi user,1
feet lower,1
posit turn,1
strap tearabl,1
enclos trunk,1
select group,1
portion gener,1
adapt enclos,1
rotat torqu,1
maintain distanc,1
provid wheel,1
process seat,1
system method,1
select convert,1
manner select,1
bodi wherein,1
leg provid,1
direct thereof,1
bar inner,1
compris measur,1
ratio method,1
downwardli rest,1
air concentr,1
may actuat,1
seat contact,1
wall meet,1
cover portion,1
roller gener,1
part sock,1
hole attach,1
insid sock,1
knit bottom,1
peripheri said,1
first configur,1
sheath independ,1
extend upwardli,1
roller second,1
around leg,1
surfac air,1
around feet,1
stream gener,1
clear edg,1
provid brake,1
inclin toward,1
connect two,1
fasten locat,1
adjac outer,1
apparatu compris,1
said porou,1
