said,277
claim,156
wherein,150
member,116
support,109
end,102
first,97
compris,93
portion,90
second,80
posit,65
side,60
defin,59
surfac,57
seat,57
cover,56
edg,54
plural,48
faucet,47
assembl,44
materi,42
one,40
protector,40
wall,40
tighten,39
front,35
sleep,32
strap,32
mean,31
least,31
bathtub,31
hole,30
attach,29
provid,29
gener,28
bodi,28
section,27
water,27
roller,27
engag,26
base,25
inner,25
mount,24
configur,24
rail,24
connector,23
bottom,23
rotat,22
perineum,22
extend,22
back,22
semiconductor,21
air,21
panel,21
secur,20
bag,20
direct,19
jet,19
rotari,19
protect,19
devic,19
user,19
nozzl,19
flow,19
brace,18
plate,18
upper,17
leg,17
abras,17
scrubber,17
includ,17
main,16
open,16
inch,16
area,16
form,16
prevent,15
remov,15
apparatu,15
cm,15
speed,15
fix,14
adjac,14
wafer,14
two,13
accord,13
loop,13
measur,13
middl,12
whirlpool,12
releas,12
turn,12
set,12
downwardli,12
contact,12
clean,12
may,11
part,11
rate,11
recit,10
forth,10
method,10
join,10
outer,10
bar,10
substanti,10
bolt,10
apertur,9
along,9
select,9
advanc,9
top,9
insert,9
heel,9
tube,9
width,9
tear,8
stream,8
pouch,8
membran,8
face,8
toe,8
airflow,8
produc,8
use,7
slit,7
neck,7
move,7
garment,7
insid,7
feet,7
system,7
enclos,7
ventil,7
resist,7
concentr,7
porou,7
substrat,7
diamet,6
divid,6
flexibl,6
inward,6
detach,6
slide,6
beyond,6
ring,6
adhes,6
b,6
ankl,6
perfor,6
spacer,6
cushion,6
across,6
tearabl,6
elastomer,6
guid,6
elong,6
foot,6
displac,6
tubular,6
locat,5
hold,5
meter,5
ledg,5
dispos,5
adapt,5
upon,5
length,5
onto,5
differ,5
enclosur,5
region,5
accumul,5
hand,5
wherebi,5
around,5
five,5
suffici,5
sock,5
made,5
sheath,5
scrub,5
joinabl,4
adjust,4
fold,4
proof,4
eyebal,4
liquid,4
inlet,4
torn,4
orient,4
oper,4
thereof,4
construct,4
stomach,4
toward,4
chest,4
incompress,4
ratio,4
close,4
drawstr,4
point,4
height,4
due,4
c,4
cross,4
foam,4
extern,4
lower,4
particul,4
predetermin,4
piec,4
collect,4
intern,4
belt,4
pivot,4
storag,4
bevel,4
fill,4
arteri,3
mechan,3
permit,3
nylon,3
commun,3
penil,3
rigid,3
ride,3
male,3
therethrough,3
therebi,3
separ,3
alcohol,3
envelop,3
vinyl,3
veloc,3
penetr,3
pva,3
seal,3
manner,3
screw,3
arm,3
friction,3
bicycl,3
bear,3
chemic,3
spray,3
respect,3
poli,3
damag,3
togeth,3
tangenti,3
brake,3
polyurethan,3
distanc,3
stationari,3
therein,3
propel,3
articulat,3
floor,3
draw,3
proxim,2
conduct,2
perimet,2
shift,2
amount,2
chang,2
approxim,2
zip,2
hous,2
drill,2
meet,2
control,2
movabl,2
non,2
handi,2
facilit,2
mode,2
space,2
rel,2
moveabl,2
knit,2
angl,2
independ,2
sheet,2
abut,2
homogen,2
pipe,2
opposit,2
fluid,2
enabl,2
inextens,2
outward,2
particl,2
lug,2
tub,2
coupl,2
imperm,2
cant,2
rim,2
pad,2
wheel,2
lie,2
center,2
entri,2
person,2
permeabl,2
grip,2
peripher,2
convex,2
peripheri,2
oh,2
compos,2
strip,2
occupi,2
elast,2
head,2
cloth,2
nh,2
semirigid,2
faster,2
time,2
fasten,2
partial,1
four,1
depend,1
inclin,1
quick,1
sealabl,1
pass,1
gusset,1
trunk,1
convert,1
convers,1
synthet,1
instal,1
type,1
flap,1
root,1
loosen,1
process,1
polystyren,1
anoth,1
circular,1
outsid,1
spot,1
parallel,1
therebetween,1
maintain,1
combin,1
fan,1
held,1
fit,1
late,1
fulli,1
linkag,1
connect,1
impart,1
effect,1
torqu,1
dimens,1
rang,1
carri,1
wash,1
size,1
remot,1
bed,1
shower,1
venturi,1
mix,1
buffer,1
clear,1
determin,1
axi,1
tire,1
h,1
sidewal,1
integr,1
contain,1
sew,1
nut,1
respons,1
pattern,1
extens,1
group,1
co,1
spin,1
inhibit,1
layer,1
ball,1
inflat,1
tune,1
elev,1
rest,1
shape,1
also,1
dissip,1
either,1
bore,1
run,1
o,1
actuat,1
within,1
span,1
line,1
consist,1
upwardli,1
curv,1
whereat,1
invalid,1
rubber,1
